{"cameraMode":{"drawMode":0,"name":"Shaded","section":"Shading Mode"},"sceneLighting":true,"audioPlay":false,"sceneViewState":{"m_AlwaysRefresh":false,"showFog":true,"showSkybox":true,"showFlares":true,"showImageEffects":true,"showParticleSystems":true,"showVisualEffectGraphs":true,"m_FxEnabled":true},"in2DMode":false,"pivot":{"x":9.524385452270508,"y":-0.19970035552978517,"z":1.1892694234848023},"rotation":{"x":0.13053256273269654,"y":0.716998279094696,"z":-0.13961106538772584,"w":0.6703701615333557},"size":2.614119529724121,"orthographic":false}