{"cameraMode":{"drawMode":0,"name":"Shaded","section":"Shading Mode"},"sceneLighting":false,"audioPlay":false,"sceneViewState":{"m_AlwaysRefresh":false,"showFog":true,"showSkybox":false,"showFlares":true,"showImageEffects":true,"showParticleSystems":true,"showVisualEffectGraphs":true,"m_FxEnabled":true},"in2DMode":false,"pivot":{"x":-0.005161374807357788,"y":0.47936704754829409,"z":-0.005260065197944641},"rotation":{"x":0.13053256273269654,"y":0.716998279094696,"z":-0.13961106538772584,"w":0.6703701615333557},"size":0.08459340035915375,"orthographic":false}